"","rptro_id","lat","long"
"1",1212103,-72.2999569168297,-39.8728995608645
"2",1274212,-72.9952265125245,-46.7248129463711
"3",1135511,-72.4635041297698,-40.5172793624743
"4",1173527,-72.4563176738814,-40.5147432876825
"5",1135854,-72.3051242864458,-39.8645430924296
"6",1064248,-72.9504089665132,-46.7308943425415
"7",1206175,-72.5912163445072,-39.8019252784316
"8",1135857,-72.4145328654978,-39.8712960524957
"9",1212100,-72.3034181749795,-39.8776553980108
"10",1088034,-72.9928199885455,-46.7335902729122
"11",1135860,-72.2908497318029,-39.872894235674
"12",1309475,-72.1129929309084,-40.4432141578376
"13",1063133,-73.3975718923394,-40.267252519233
"14",1063136,-73.3918152037933,-40.2655150204747
"15",1063142,-73.3789471141025,-40.2789206649099
"16",1064254,-72.9907874297768,-46.7284068671876
"17",1136290,-72.3851499553217,-40.0663669956521
"18",1211522,-72.5767427202894,-39.7750572202391
"19",1274221,-72.5767427202894,-39.7750572202391
"20",1054699,-73.8267958632496,-42.0937034277216
"21",1211457,-73.8003298739054,-42.097347513512
"22",1211540,-72.5664900336012,-39.784391749988
"23",1274239,-72.5664900336012,-39.784391749988
"24",1246257,-72.4586010017992,-40.0673810631227
"25",1051605,-72.9884504715978,-39.299506946609
"26",1211453,-73.8131572848516,-42.0962200302092
"27",1054690,-73.8256537848606,-42.0992396381611
"28",1136045,-72.5574807864697,-39.7825988363805
"29",1055232,-73.6929001233836,-43.148060026419
"30",1063970,-72.1011165580533,-39.3968684519643
"31",1058112,-73.7483618649248,-43.0540850024619
"32",1057754,-73.3096123666617,-41.4700382242945
"33",1054696,-73.8267407563871,-42.0966929634943
"34",1176331,-72.4028583157472,-40.0631623591757
"35",1211446,-73.8261710738869,-42.0954532708481
"36",1054693,-73.8258716255785,-42.0985754000621
"37",1211528,-72.5643146941413,-39.7782021868964
"38",1274227,-72.5643146941413,-39.7782021868964
"39",1210218,-72.3104557392088,-44.9379968970843
"40",1212355,-73.0917504040109,-39.9709263929752
"41",1059714,-73.4184061430317,-38.5013646776843
"42",1211449,-73.8211447750027,-42.0971849917354
"43",1093998,-72.7920481108547,-39.8099855484763
"44",1174835,-73.4146732190758,-38.5005932885604
"45",1092791,-72.8645331271065,-39.9387823137106
"46",1270992,-73.9034305509769,-41.9253107538554
"47",1024573,-73.4293460173212,-39.9355477553812
"48",1063139,-73.3764408803798,-40.276498193764
"49",1212214,-72.3149846145254,-39.8667897641299
"50",1208093,-72.3148257710514,-39.5992278485526
"51",1246129,-72.9504089665132,-46.7308943425415
"52",1274171,-72.9514125050787,-46.7227137424878
"53",1053487,-72.4564513776443,-40.0696939949966
"54",1064184,-72.674924103609,-45.3627470142121
"55",1066550,-72.5989879103107,-39.4554963884013
"56",1274608,-66.3955105864994,-40.0646187558884
"57",1243360,-72.8672289180819,-39.7415455936435
"58",1211525,-72.5694188864992,-39.7778137819185
"59",1274224,-72.5694188864992,-39.7778137819185
"60",1136049,-72.5814755497487,-39.7815972040046
"61",1212352,-73.0900483916513,-39.9656100883901
"62",1054216,-71.9604003233661,-40.2890686804426
"63",1136051,-72.5790104434648,-39.784302429257
"64",1060880,-72.579125241059,-39.7840255566985
"65",1208090,-72.3194399975787,-39.5997578702114
"66",1060877,-72.5886208518941,-39.784619743016
"67",1212097,-72.2999096442426,-39.8830416877553
"68",1067396,-73.4109849901331,-38.5014444289041
"69",1135988,-72.7341261742685,-39.9146220692181
"70",1181646,-73.8799070734553,-43.8849740440388
"71",1273691,-73.3140546377472,-40.1015278131529
"72",1053521,-71.9601287315362,-40.3064004860186
"73",1054388,-73.5578681742769,-40.4633114325447
"74",1057580,-72.2861606548363,-39.8690641571806
"75",1212208,-72.3213337612584,-39.8661529491715
"76",1060640,-72.7659205259372,-40.7725624137223
"77",1066480,-72.4924457921393,-39.4632196726046
"78",1026532,-73.653079732914,-42.6146999769478
"79",1212817,-73.0519969332651,-41.0969863394898
"80",1212820,-73.0502559634593,-41.0994879513734
"81",1067463,-73.2840687073318,-38.557775319307
"82",1089747,-72.6877840122313,-39.3286707915414
"83",1053716,-72.4939729972855,-39.7720102518726
"84",1093970,-72.9054468829593,-38.7957966127283
"85",1062760,-72.5996076223269,-40.6222454972164
"86",1209708,-72.3827228912101,-40.0743293319462
"87",1210318,-72.7960347888138,-39.8149982433724
"88",1212685,-72.5583514842967,-40.9974722490587
"89",1066570,-71.9583299299613,-40.2226127221315
"90",1093694,-72.5144151643509,-40.0359738888281
"91",1243023,-72.6369908138438,-40.4754159406249
"92",1058053,-72.6055623448903,-44.7615388140711
"93",1209410,-72.2084598523431,-45.2100942168727
"94",1171644,-72.0068758298321,-39.5185329543319
"95",1060872,-72.5564604925995,-39.7830548037556
"96",1094333,-72.6038069126909,-39.4525597577922
"97",1060875,-72.5598557877735,-39.7860991371497
"98",1136117,-72.7637899372042,-39.8942709371708
"99",1089750,-72.6889877729073,-39.3273433006077
"100",1062512,-72.7758857077504,-40.379598545584
"101",1094316,-72.7597661474745,-39.4846349397256
"102",1212106,-72.3106512258699,-39.8669955811661
"103",1066539,-72.7599274311972,-39.4850434657286
"104",1088151,-72.5437264078258,-40.5674116346166
"105",1056148,-72.8845373115438,-39.4126358527878
"106",1211543,-72.5753524603073,-39.7867214170407
"107",1274242,-72.5753524603073,-39.7867214170407
"108",1212220,-72.3190024513607,-39.8641802954583
"109",1240072,-73.6560071076108,-42.3689285001956
"110",1210634,-73.3905205413922,-39.8034908931608
"111",1064191,-72.6915645388494,-45.3633097554406
"112",1066379,-72.6018714734984,-39.4503756726139
"113",1241448,-73.3643403952718,-38.5554463845718
"114",1131910,-72.355462951689,-40.9020412467531
"115",1212701,-72.5608991762129,-40.9870599672975
"116",1052110,-73.3267617429714,-38.5517702724795
"117",1210637,-73.3895919300592,-39.8027392305907
"118",1208960,-73.6211657122488,-41.232564506195
"119",1056745,-72.4607082951419,-40.8869343389843
"120",1060882,-72.5787863147264,-39.7820365750426
"121",1066711,-72.4607082951419,-40.8869343389843
"122",1131966,-72.3614825165407,-40.8999274638377
"123",1274154,-72.4170744833168,-39.5131536283939
"124",1307907,-72.0384742035242,-39.4698605088655
"125",1053578,-71.9509132944169,-40.3049057473555
"126",1056392,-72.4674232607294,-39.459037499746
"127",1065721,-72.797926606815,-39.9129780153598
"128",1210296,-72.8037195235974,-39.8190989271209
"129",1211283,-71.9723013951695,-40.3637057786207
"130",1212205,-72.3258011541932,-39.8643013139308
"131",1056749,-72.4576175967554,-40.8879920992803
"132",1066714,-72.4576175967554,-40.8879920992803
"133",1212217,-72.3221193206416,-39.8615859053566
"134",1272453,-73.3026975069236,-38.5244623260061
"135",1091420,-72.2112496203721,-39.3917971008455
"136",1242633,-67.2750506590389,-40.0595661485014
"137",1053511,-71.9546188252634,-40.2268563336952
"138",1054729,-73.0488329173339,-39.5306243872892
"139",1131968,-72.3583384194933,-40.9043589454672
"140",1129829,-72.2379093334414,-39.1273390909955
"141",1181655,-72.279668746289,-45.2701893169052
"142",1100546,-73.0564522152222,-39.3484505291149
"143",1241604,-72.0169790968414,-39.4998756131568
"144",1055937,-73.5325716832013,-42.4516276035906
"145",1060669,-73.3257028631096,-40.7404012594819
"146",1063540,-72.3415872062077,-39.8523681410887
"147",1064078,-72.4800855663976,-45.7780136887999
"148",1129878,-72.3439001755673,-40.8845539421062
"149",1092621,-73.334078084676,-40.5596467598869
"150",1131377,-72.4526811052938,-40.0516217984751
"151",1053721,-73.7372312917955,-41.9006183085199
"152",1131384,-72.4539313967354,-40.0501539404022
"153",1240540,-73.5590097891872,-43.1601749733393
"154",1270989,-73.9044673184278,-41.9316793115282
"155",1206642,-72.9005763869737,-39.9935836639912
"156",1055624,-72.1619238344086,-39.5859790587681
"157",1129875,-72.3440642306885,-40.8863861470699
"158",1181377,-72.483933888333,-45.4284940699377
"159",1094182,-72.3440003599386,-40.8853128402831
"160",1181400,-73.536083700845,-42.1312236760966
"161",1245453,-72.0775393749072,-39.4565083433323
"162",1130607,-72.6032316681334,-39.9460322422343
"163",1245313,-72.1922064851591,-39.2318213626382
"164",1094178,-72.3450425856045,-40.8871472633145
"165",1174460,-72.4894651296734,-40.0512901564997
"166",1207138,-73.5965198517962,-42.3029769999861
"167",1053663,-73.5525294268753,-40.5668339397737
"168",1051641,-73.7931379324986,-40.710428344527
"169",1059052,-72.7907510671958,-40.6681643964683
"170",1066643,-72.889355244002,-39.4115521634794
"171",1062685,-72.3693317604646,-40.0892583995915
"172",1026429,-72.4492297983384,-40.050749177373
"173",1181396,-73.5399818168393,-42.1311292550465
"174",1212697,-72.5576978514654,-40.9923153446304
"175",1212115,-72.2909817470963,-39.8731045096958
"176",1268448,-72.0169790968414,-39.4998756131568
"177",1131908,-72.3555526183054,-40.8997915518001
"178",1136364,-72.5931327422809,-39.4608348101518
"179",1206611,-73.3264048209816,-38.5533060814671
"180",1211002,-72.4894651296734,-40.0512901564997
"181",1212034,-73.2686951361282,-38.7465993004633
"182",1054283,-73.4285874078879,-40.5871405790234
"183",1057659,-73.5663872765043,-40.5030732805075
"184",1060036,-71.9741713858033,-40.2284775153225
"185",1059543,-72.4186104478953,-39.3457572460332
"186",1270986,-73.9005306692423,-41.9214101793367
"187",1063706,-71.9947586706116,-39.5822235115816
"188",1212689,-72.5529025299335,-40.9946905390505
"189",1060156,-72.4197366581554,-39.3466831364119
"190",1129872,-72.3502939309787,-40.8831428937355
"191",1182170,-73.0044408213035,-39.6282443460867
"192",1182223,-72.9201972728687,-39.7512729506342
"193",1049887,-72.1656637004776,-39.6295806507979
"194",1088131,-72.4452042760748,-40.5866663883356
"195",1065202,-72.2941577344085,-39.4995004376376
"196",1131912,-72.352318353342,-40.9064725472181
"197",1094803,-72.8537993574499,-39.4854634216243
"198",1211267,-72.1021303476151,-40.4054538093101
"199",1268364,-72.7483073739451,-39.9049168066368
"200",1306494,-73.5184008848189,-42.0545969757572
"201",1091426,-73.255358012317,-37.7859635168893
"202",1129717,-72.5954734328119,-39.9139003379328
"203",1171518,-72.1691877314615,-40.1136678369795
"204",1208007,-72.8188171758926,-38.6914932557182
"205",1067867,-72.9862557911474,-39.9879695944837
"206",1132801,-73.5913035247757,-41.3478583507258
"207",1206295,-71.9450543255986,-40.2413808037858
"208",1049189,-71.9385758913991,-39.590190060287
"209",1094185,-72.3425629200688,-40.8803078322885
"210",1101058,-72.9121985565461,-39.9007235353737
"211",1209989,-73.3353704778243,-38.7125875952687
"212",1240416,-73.4501525084754,-42.2007565812102
"213",1244956,-72.5324841734776,-40.0123081355383
"214",1270454,-73.3604746166206,-38.4633510987289
"215",1310420,-72.4918929056648,-40.0314345690135
"216",1021646,-73.5726801504034,-40.4544956858669
"217",1056477,-72.3437750205111,-40.8262484002017
"218",1056286,-72.5640358472523,-39.5535619057992
"219",1059062,-73.4944633282779,-40.9482536004673
"220",1062295,-73.5587486179736,-42.1876188467064
"221",1171634,-71.9329125456352,-39.5939365487929
"222",1062404,-71.9318633325409,-39.5966655101791
"223",1094174,-72.3497808635537,-40.8838066244005
"224",1212223,-72.3207063176624,-39.8627513493867
"225",1067182,-72.9068904256668,-40.1646818933887
"226",1053787,-73.8175521058458,-41.3240137881665
"227",1171466,-73.3113188949571,-38.5854754365106
"228",1171661,-72.0126819276233,-39.5106110778987
"229",1089920,-73.7366216018654,-42.0029885646093
"230",1090297,-73.3191230193851,-37.7607641284778
"231",1171521,-72.1719137066654,-40.1138515856608
"232",1208018,-73.3550575944523,-38.8924616784931
"233",1208070,-73.335434111653,-38.9146561865893
"234",1209753,-73.2096281297049,-38.9012966883245
"235",1209994,-73.3868903915698,-38.8144937802814
"236",1211024,-73.8364715930202,-42.3891031366476
"237",1311350,-73.4296236845411,-38.4135191299346
"238",1054063,-73.6729960618234,-41.8827003289055
"239",1053950,-73.3358232283714,-40.2948753657505
"240",1206648,-72.9366744659986,-40.0033220419378
"241",1212094,-72.3037647054628,-39.8852213367069
"242",1212112,-72.3043725062733,-39.8685162508411
"243",1307862,-73.3270447956333,-39.6728110141386
"244",1050017,-72.0412747127728,-39.5438446267679
"245",1052784,-72.0174472674323,-39.5353979988614
"246",1049243,-73.1204072881395,-37.9399465249021
"247",1171538,-72.36680420138,-40.0875884949003
"248",1274322,-73.2778363809874,-39.6290167215899
"249",1051973,-72.9283573950982,-40.0161011749503
"250",1088126,-72.1092364225236,-39.5463489283018
"251",1241445,-73.364872977276,-38.5547329289416
"252",1173315,-73.4111316765575,-39.9187709106157
"253",1212693,-72.5572736097215,-40.9944680529167
"254",1063679,-72.2581978814308,-39.4955043718423
"255",1066986,-72.667476851723,-40.2104963818582
"256",1133053,-73.0817157212401,-39.962553545703
"257",1306365,-72.9049753207387,-40.0014108187783
"258",1309256,-73.5287294925675,-40.5262382833146
"259",1131585,-71.9374508784324,-39.5911193499171
"260",1094341,-72.889355244002,-39.4115521634794
"261",1091168,-73.0836674594874,-39.9563876636333
"262",1091536,-73.081547993391,-39.9622714910989
"263",1094377,-73.0260795342772,-39.9870333101222
"264",1212374,-73.3282224050259,-38.9123364877539
"265",1212420,-73.3019447891155,-38.9004505402438
"266",1212543,-73.219988350939,-38.8567444805765
"267",1245643,-73.2502724458486,-38.9094188710517
"268",1270459,-73.2574077014289,-38.9665805369746
"269",1053774,-72.7182626032297,-39.3121275805004
"270",1056741,-72.463271087303,-40.887576233979
"271",1055549,-73.2153258972347,-38.635224047155
"272",1062009,-73.3436313623581,-39.7002938206984
"273",1062045,-73.2235456539442,-40.0708416126103
"274",1066708,-72.463271087303,-40.887576233979
"275",1088028,-71.9972682172617,-39.5742766477614
"276",1212249,-73.343602915518,-38.8107341599696
"277",1212109,-72.3062375277197,-39.8674606075218
"278",1182639,-73.7502919807264,-42.1033790092775
"279",1207559,-73.2759800457765,-38.8163244972827
"280",1210022,-73.3011636627856,-38.9008086117519
"281",1212323,-73.3245134130644,-38.9033086690923
"282",1212600,-73.3378426987929,-38.8028849959924
"283",1056580,-72.3272171429272,-40.803050775646
"284",1053892,-72.3072304116563,-40.1240513017203
"285",1055869,-73.4088694741363,-38.5459676002014
"286",1208079,-72.4545762193616,-39.7024800239886
"287",1309949,-72.9151860299407,-41.0522118073019
"288",1212211,-72.318427290797,-39.8669415272317
"289",1309953,-72.9161938694157,-41.0534550392912
"290",1209736,-72.6246528032068,-40.2053551814408
"291",1309951,-72.9158949513026,-41.0527470601992
"292",1309957,-72.9136111147483,-41.0546062637721
"293",1309955,-72.916034546101,-41.055109504872
